word,count
data,15268
experience,7785
business,4100
team,2763
years,2664
skills,2622
required,2453
benefits,2235
time,2185
ability,2134
information,1961
support,1931
technical,1892
analysis,1767
management,1722
health,1711
solutions,1694
requirements,1682
analytics,1619
development,1592
knowledge,1482
science,1472
project,1425
000,1419
company,1385
systems,1362
tools,1355
salary,1336
range,1336
responsibilities,1336
sql,1318
develop,1316
design,1268
strong,1265
provide,1265
environment,1236
location,1235
technology,1225
employees,1222
learning,1217
application,1210
it,1203
education,1196
insurance,1183
employment,1176
engineering,1173
opportunity,1159
software,1153
projects,1083
preferred,1064
services,1063
qualifications,1057
degree,1050
process,1044
level,1033
product,1032
models,1031
analyst,1014
python,1002
system,998
teams,987
disability,965
build,962
compensation,958
3,945
employee,935
quality,913
service,906
00,901
office,892
reporting,887
research,884
duties,884
performance,883
do,871
needs,857
5,856
complex,848
insights,847
processes,846
e,835
statistical,821
large,812
analytical,807
customer,803
medical,802
machine,801
program,797
apply,795
world,795
re,792
remote,790
use,789
opportunities,774
hr,771
building,765
computer,765
ensure,764
1,756
also,756
gender,748
